Data,Total,B3,Renda Fixa,Cripto
2026-02-24,1921.9400482177734,1921.9400482177734,0.0,0.0
